"ID","Type","SKU","Name","Published","Is featured?","Visibility in catalog","Short description","Description","Date sale price starts","Date sale price ends","Tax status","Tax class","In stock?","Stock","Backorders allowed?","Sold individually?","Weight (kg)","Length (cm)","Width (cm)","Height (cm)","Allow customer reviews?","Purchase note","Sale price","Regular price","Categories","Tags","Shipping class","Images","Download limit","Download expiry days","Parent","Grouped products","Upsells","Cross-sells","External URL","Button text","Position","Attribute 1 name","Attribute 1 value(s)","Attribute 1 visible","Attribute 1 global","Attribute 2 name","Attribute 2 value(s)","Attribute 2 visible","Attribute 2 global"
,"variable","DRX-REL-01","26 BASEBALL UNIFORM",1,1,"visible","Áo thi đấu bóng chày DRX mùa 2026 thiết kế phong cách thể thao hiện đại. [ALLOW_CUSTOM_ID]","Áo bóng chày DRX chính hãng chất vải cao cấp thoáng mát. [ALLOW_CUSTOM_ID]",,,"taxable",,1,100,0,0,0.30,32,25,3,1,,,"1750000","RELEASE, UNIFORM",,, "https://en.drxstyle.com/web/product/medium/202602/aa25ec1d244f77c8651a011ea370bfd4.png",,,,,,,,0,"Size","M, L, XL",1,1,"","","",""
,"simple","DRX-REL-02","26 SELF MARKING KIT (BASEBALL UNIFORM)",1,0,"visible","Bộ kit tự in tên số tuyển thủ dành cho áo bóng chày DRX 2026.","Bộ decal nhiệt cao cấp in tên số bền bỉ không bong tróc.",,,"taxable",,1,150,0,0,0.05,15,10,1,1,,,"290000","RELEASE",,, "https://en.drxstyle.com/web/product/small/202602/a32b005105221ee5f3a0cb1b6a15ca40.png",,,,,,,,0,"","","","","","",""
,"simple","DRX-REL-03","26 GYMSACK",1,0,"visible","Túi rút thể thao DRX 2026 chống nước nhẹ tiện lợi mang đồ tập luyện.","Túi dây rút DRX phong cách trẻ trung năng động.",,,"taxable",,1,80,0,0,0.15,25,18,2,1,,,"580000","RELEASE, TEAM-KIT",,, "https://shop-t1.gg/web/product/big/202608/2a494df79259d9658304dad748986361.png",,,,,,,,0,"","","","","","",""
,"simple","DRX-REL-04","26 SYMBOL BRACELET",1,0,"visible","Vòng tay biểu tượng DRX 2026 chất liệu silicone cao cấp.","Vòng đeo tay thể thao biểu tượng rồng DRX xanh Electric.",,,"taxable",,1,120,0,0,0.05,10,10,1,1,,,"480000","RELEASE, TEAM-KIT",,, "https://en.drxstyle.com/web/product/small/202602/66f91722ea4ea70fcecb9efcfca31021.jpg",,,,,,,,0,"","","","","","",""
,"simple","DRX-REL-05","ARM SLEEVE",1,0,"visible","Ống tay thi đấu Esports DRX co giãn chống trơn trượt mỏi cổ tay.","Cặp ống tay thể thao chuyên nghiệp dùng cho tuyển thủ thi đấu dài giờ.",,,"taxable",,1,90,0,0,0.08,20,10,2,1,,,"120000","RELEASE, TEAM-KIT",,, "https://en.drxstyle.com/web/product/small/202607/a64564b4cd6fe082fe3ed41d16510215.png",,,,,,,,0,"","","","","","",""
,"variable","DRX-REL-06","26 TEAM CAPSULE T-SHIRT",1,1,"visible","Áo thun bộ sưu tập Capsule DRX 2026 chất vải cotton 100%.","Áo thun phom suông thoải mái in logo DRX phong cách tối giản.",,,"taxable",,1,60,0,0,0.22,30,22,2,1,,,"890000","RELEASE",,, "https://en.drxstyle.com/web/product/small/202605/eb171a4111de434ae85fe91876834b05.jpg",,,,,,,,0,"Size","M, L, XL",1,1,"","","",""
,"variable","DRX-UNI-01","26 S1 AUTHENTIC JUMPER 3RD(PINK)",1,1,"visible","Áo khoác thi đấu phiên bản đặc biệt 3rd Pink DRX mùa 2026.","Áo khoác jumper thi đấu màu hồng phấn phối xanh navy độc bản.",,,"taxable",,1,45,0,0,0.45,35,28,5,1,,,"2850000","UNIFORM",,, "https://en.drxstyle.com/web/product/small/202602/fa1c1303c2783b8fc2eaeb7b09f3efab.jpg",,,,,,,,0,"Size","M, L, XL",1,1,"","","",""
,"variable","DRX-UNI-02","26 S1 AUTHENTIC T-SHIRT 3RD(PINK)",1,1,"visible","Áo thi đấu chính thức bản 3rd Pink DRX 2026 thoáng khí. [ALLOW_CUSTOM_ID]","Áo thi đấu thun thể thao co giãn 4 chiều màu hồng pastel. [ALLOW_CUSTOM_ID]",,,"taxable",,1,70,0,0,0.25,30,25,3,1,,,"1850000","UNIFORM",,, "https://en.drxstyle.com/web/product/extra/small/202602/33c20532bac3b50bbe6ab915ddf982a9.jpg",,,,,,,,0,"Size","M, L, XL",1,1,"","","",""
,"variable","DRX-UNI-03","26 S1 UNIFORM PANTS",1,0,"visible","Quần dài thể thao thi đấu đồng bộ DRX 2026.","Quần dài thi đấu phom dáng năng động với túi khóa kéo tiện ích.",,,"taxable",,1,40,0,0,0.38,32,25,4,1,,,"990000","UNIFORM",,, "https://en.drxstyle.com/web/product/small/202607/a64564b4cd6fe082fe3ed41d16510215.png",,,,,,,,0,"Size","M, L, XL",1,1,"","","",""
,"variable","DRX-UNI-04","26 S1 AUTHENTIC JUMPER AWAY(L.BLUE)",1,1,"visible","Áo khoác thi đấu sân khách Light Blue DRX 2026 cao cấp.","Áo khoác dù thi đấu cản gió chống nước màu xanh dương nhạt.",,,"taxable",,1,50,0,0,0.45,35,28,5,1,,,"2850000","UNIFORM",,, "https://en.drxstyle.com/web/product/small/202605/5bcf2d3f35f4fb61ebec5f925128b337.png",,,,,,,,0,"Size","M, L, XL",1,1,"","","",""
,"variable","DRX-UNI-05","26 S1 AUTHENTIC T-SHIRT AWAY(L.BLUE)",1,1,"visible","Áo thi đấu sân khách Light Blue DRX 2026. [ALLOW_CUSTOM_ID]","Áo đấu sân khách màu xanh dương thanh lịch của các tuyển thủ DRX. [ALLOW_CUSTOM_ID]",,,"taxable",,1,85,0,0,0.25,30,25,3,1,,,"1850000","UNIFORM",,, "https://en.drxstyle.com/web/product/small/202605/af75586977b7220ece2093f0bf2c562f.png",,,,,,,,0,"Size","M, L, XL",1,1,"","","",""
,"variable","DRX-UNI-06","26 S1 AUTHENTIC JUMPER HOME(NAVY)",1,1,"visible","Áo khoác thi đấu sân nhà màu Navy huyền thoại DRX 2026.","Áo khoác gió sân nhà chính thức của đội tuyển DRX tại giải LCK.",,,"taxable",,1,60,0,0,0.45,35,28,5,1,,,"2850000","UNIFORM",,, "https://en.drxstyle.com/web/product/small/202605/cc811049a5856cf981fdc8f38cedcf2f.png",,,,,,,,0,"Size","M, L, XL",1,1,"","","",""
,"simple","DRX-KIT-01","26 LOGO BEACH TOWEL",1,0,"visible","Khăn tắm bãi biển in logo rồng DRX kích thước lớn 150x75cm.","Khăn sợi bông cao cấp mềm mịn thấm hút nước cực tốt.",,,"taxable",,1,100,0,0,0.35,30,20,5,1,,,"420000","TEAM-KIT",,, "https://en.drxstyle.com/web/product/small/202601/b5719f050e214aed992350abdf0a0d45.jpg",,,,,,,,0,"","","","","","",""
,"simple","DRX-KIT-02","26 LOGO BANDANA",1,0,"visible","Khăn bandana vuông thời trang thêu biểu tượng DRX.","Phụ kiện quàng cổ hoặc buộc đầu cá tính cho người hâm mộ.",,,"taxable",,1,130,0,0,0.06,12,12,1,1,,,"190000","TEAM-KIT",,, "https://en.drxstyle.com/web/product/small/202601/f719cbb4926e7d43137feb18452cf438.jpg",,,,,,,,0,"","","","","","",""
,"simple","DRX-KIT-03","26 MAGSAFE CARD HOLDER",1,0,"visible","Ví đựng thẻ hít nam châm MagSafe gắn lưng điện thoại logo DRX.","Ví da PU cao cấp chứa được 2-3 thẻ tiện lợi.",,,"taxable",,1,95,0,0,0.08,12,8,1,1,,,"350000","TEAM-KIT",,, "https://en.drxstyle.com/web/product/small/202601/1d87d6a91407ee08864d90626638aa58.jpg",,,,,,,,0,"","","","","","",""
,"simple","DRX-KIT-04","26 MOUSEPAD",1,1,"visible","Lót chuột gaming bề mặt vải dệt siêu mượt điều khiển chính xác.","Pad chuột thể thao điện tử DRX bo viền chắc chắn chống trượt.",,,"taxable",,1,150,0,0,0.40,40,30,1,1,,,"540000","TEAM-KIT",,, "https://en.drxstyle.com/web/product/small/202601/5711215598311cc6cea0112e4cc65078.jpg",,,,,,,,0,"","","","","","",""
,"simple","DRX-KIT-05","26 TICKETHOLDER",1,0,"visible","Bao đựng vé thi đấu và thẻ đeo ban tổ chức DRX 2026.","Túi đựng vé nhựa dẻo trong suốt kèm dây đeo cổ tiện dụng.",,,"taxable",,1,110,0,0,0.05,14,10,1,1,,,"350000","TEAM-KIT",,, "https://en.drxstyle.com/web/product/small/202601/4bf8972f70e47a3233d22cab50c11f64.jpg",,,,,,,,0,"","","","","","",""
,"simple","DRX-KIT-06","26 SMARTPHONE STRAP",1,0,"visible","Dây đeo điện thoại cổ tay phong cách thể thao DRX 2026.","Dây đeo chịu lực cao chống rơi rớt điện thoại khi di chuyển.",,,"taxable",,1,140,0,0,0.04,15,5,1,1,,,"220000","TEAM-KIT",,, "https://en.drxstyle.com/web/product/small/202601/d588e6b729a51d99e7235903a18db31a.jpg",,,,,,,,0,"","","","","","",""
,"simple","DRX-COL-01","24 DRX PRX METAL BADGE",1,0,"visible","Huy hiệu kim loại phiên bản kết hợp đặc biệt giữa DRX và Paper Rex.","Huy hiệu đúc kim loại cao cấp ghim áo hoặc balo.",,,"taxable",,1,80,0,0,0.04,8,8,1,1,,,"190000","COLABORATION",,, "https://en.drxstyle.com/web/product/small/202407/fb63f8d610393045408dbe73ca09dcb6.png",,,,,,,,0,"","","","","","",""
,"simple","DRX-COL-02","24 DRX PRX CANVAS TOTE BAG",1,0,"visible","Túi tote vải canvas phong cách streetwear DRX x PRX.","Túi vải dày dặn có quai xách chắc chắn in họa tiết độc quyền.",,,"taxable",,1,65,0,0,0.20,38,32,4,1,,,"390000","COLABORATION",,, "https://en.drxstyle.com/web/product/small/202407/b046851f805fa42db496f15f8d973327.png",,,,,,,,0,"","","","","","",""
,"variable","DRX-COL-03","24 DRX PRX S/S T-SHIRT",1,1,"visible","Áo thun tay ngắn hợp tác DRX x Paper Rex phiên bản giới hạn.","Áo thun cotton cao cấp phom rộng phong cách hiện đại.",,,"taxable",,1,55,0,0,0.22,30,22,2,1,,,"790000","COLABORATION",,, "https://en.drxstyle.com/web/product/small/202407/57df46f69480cd5b083149c070182a82.png",,,,,,,,0,"Size","M, L, XL",1,1,"","","",""
,"variable","DRX-COL-04","24 DRX PRX JEOGORI",1,1,"visible","Áo khoác cách tân Jeogori truyền thống Hàn Quốc phiên bản DRX x PRX.","Mẫu áo khoác độc bản kết hợp nét truyền thống và văn hóa Esports.",,,"taxable",,1,30,0,0,0.55,35,30,6,1,,,"1550000","COLABORATION",,, "https://en.drxstyle.com/web/product/small/202407/a0cd77ce3f31af3d5262873abb8eba66.png",,,,,,,,0,"Size","M, L, XL",1,1,"","","",""
,"simple","DRX-COL-05","TALON X DRX BUBBLEGUM SKY PHOTOCARD",1,0,"visible","Bộ thẻ ảnh sưu tầm phiên bản hợp tác Talon x DRX Bubblegum Sky.","Set photocard tuyển thủ in hologram bắt sáng cực đẹp.",,,"taxable",,1,90,0,0,0.06,12,8,1,1,,,"380000","COLABORATION",,, "https://en.drxstyle.com/web/product/small/202407/57df46f69480cd5b083149c070182a82.png",,,,,,,,0,"","","","","","",""
,"variable","DRX-COL-06","DRX X LILKA RUGBY JERSEY WHITE",1,1,"visible","Áo đấu bóng bầu dục cổ bẻ phối sọc trắng hợp tác DRX x Lilka. [ALLOW_CUSTOM_ID]","Áo đấu rugby chất vải cao cấp dày dặn phong cách thể thao cổ điển. [ALLOW_CUSTOM_ID]",,,"taxable",,1,40,0,0,0.32,32,25,3,1,,,"1600000","COLABORATION, UNIFORM",,, "https://en.drxstyle.com/web/product/small/202605/d9d605a8f110bf0f159d3196e816593a.png",,,,,,,,0,"Size","M, L, XL",1,1,"","","",""
